{"cameraMode":{"drawMode":0,"name":"Shaded","section":"Shading Mode"},"sceneLighting":false,"audioPlay":false,"sceneViewState":{"m_AlwaysRefresh":false,"showFog":true,"showSkybox":false,"showFlares":true,"showImageEffects":true,"showParticleSystems":true,"showVisualEffectGraphs":true,"m_FxEnabled":true},"in2DMode":false,"pivot":{"x":63.30506134033203,"y":0.2752830982208252,"z":7.787274360656738},"rotation":{"x":0.17841167747974397,"y":0.0816655233502388,"z":-0.014860645867884159,"w":0.9804483652114868},"size":15.248115539550782,"orthographic":false}